Gap Inc.,https://bugcrowd.com/gapinc,,
OneTrust,https://bugcrowd.com/onetrust,300 , 6500
Redox,https://bugcrowd.com/redox,125 , 4500
Audiomack-VDP Pro,https://bugcrowd.com/audiomack-esf,,
Web-Based Scientific Research Software,https://bugcrowd.com/programs/teasers/bold-sea-2414,200 , 10000
1Password Bug Bounty CTF,https://bugcrowd.com/agilebits-ctf,,
VeVe,https://bugcrowd.com/veve-og,200 , 6000
Bitpanda Ongoing Bug Bounty,https://bugcrowd.com/bitpanda-og-bb,100 , 15000
USAA,https://bugcrowd.com/usaa,100 , 6000
HotDoc,https://bugcrowd.com/hotdoc,50 , 8000
Step Public Applications,https://bugcrowd.com/step-public,200 , 10000
Prosus,https://bugcrowd.com/prosus-og,100 , 1250
Ecommpay Vulnerability Disclosure Program,https://bugcrowd.com/ecommpay-vdp-ess,,
Bybit,https://bugcrowd.com/bybit,100 , 5000
Linktree,https://bugcrowd.com/linktree-mbb-og,200 , 7500
Optus Vulnerability Disclosure Program,https://bugcrowd.com/optus-vdp-pro,,
Escape Reality and Elevate Your Permissions,https://bugcrowd.com/programs/teasers/empty-sea-5360,150 , 15000
United States Agency for Global Media Vulnerability Disclosure Program,https://bugcrowd.com/usagm-vdp,,
Gearset: Managed Bug Bounty,https://bugcrowd.com/gearset-mbb,200 , 6000
Indeed,https://bugcrowd.com/indeed,50 , 10000
CIBC VDP,https://bugcrowd.com/cibc-vdp,,
ROKT Vulnerability Disclosure,https://bugcrowd.com/rokt-pte-vdp-pro,,
RMIT University Vulnerability Disclosure Program,https://bugcrowd.com/rmit-university-vdp-pro,,
Aruba Networks Product Public Program,https://bugcrowd.com/aruba-product-public,300 , 2500
Gap Inc.,https://bugcrowd.com/gapinc,,
OneTrust,https://bugcrowd.com/onetrust,300 , 6500
Redox,https://bugcrowd.com/redox,125 , 4500
Audiomack-VDP Pro,https://bugcrowd.com/audiomack-esf,,
Web-Based Scientific Research Software,https://bugcrowd.com/programs/teasers/bold-sea-2414,200 , 10000
1Password Bug Bounty CTF,https://bugcrowd.com/agilebits-ctf,,
VeVe,https://bugcrowd.com/veve-og,200 , 6000
Bitpanda Ongoing Bug Bounty,https://bugcrowd.com/bitpanda-og-bb,100 , 15000
USAA,https://bugcrowd.com/usaa,100 , 6000
HotDoc,https://bugcrowd.com/hotdoc,50 , 8000
Step Public Applications,https://bugcrowd.com/step-public,200 , 10000
Prosus,https://bugcrowd.com/prosus-og,100 , 1250
Ecommpay Vulnerability Disclosure Program,https://bugcrowd.com/ecommpay-vdp-ess,,
Bybit,https://bugcrowd.com/bybit,100 , 5000
Linktree,https://bugcrowd.com/linktree-mbb-og,200 , 7500
Optus Vulnerability Disclosure Program,https://bugcrowd.com/optus-vdp-pro,,
Escape Reality and Elevate Your Permissions,https://bugcrowd.com/programs/teasers/empty-sea-5360,150 , 15000
United States Agency for Global Media Vulnerability Disclosure Program,https://bugcrowd.com/usagm-vdp,,
Gearset: Managed Bug Bounty,https://bugcrowd.com/gearset-mbb,200 , 6000
Indeed,https://bugcrowd.com/indeed,50 , 10000
CIBC VDP,https://bugcrowd.com/cibc-vdp,,
ROKT Vulnerability Disclosure,https://bugcrowd.com/rokt-pte-vdp-pro,,
RMIT University Vulnerability Disclosure Program,https://bugcrowd.com/rmit-university-vdp-pro,,
Aruba Networks Product Public Program,https://bugcrowd.com/aruba-product-public,300 , 2500
Private market investment platform,https://bugcrowd.com/programs/teasers/twilight-moon-8601,150 , 2500
Roobet Vulnerability Disclosure Program,https://bugcrowd.com/roobet-vdp,,
United States Patent and Trademark Office - Vulnerability Disclosure Program ,https://bugcrowd.com/uspto-vdp,,
Video Viewing Platform,https://bugcrowd.com/programs/teasers/D28qs1YDrtgsf5fFDf4asFLX,200 , 5000
ThousandEyes Bug Bounty,https://bugcrowd.com/thousandeyes-og,200 , 4500
Nine Entertainment Vulnerability Disclosure Program,https://bugcrowd.com/nine-entertainment-vdp-pro,,
Five9 VDP,https://bugcrowd.com/five9-vdp,,
Macquarie Group Vulnerability Disclosure Program,https://bugcrowd.com/macquarie-group-vdp,,
Ziff Davis Vulnerability Disclosure Program,https://bugcrowd.com/ziffdavis-vdp-pro,,
Assa Abloy America's ,https://bugcrowd.com/assaabloy-americas-vdp,,
Newfold Australias Vulnerability Disclosure Program,https://bugcrowd.com/newfoldau-vdp,,
Inter-American Foundation - Vulnerability Disclosure Program,https://bugcrowd.com/iaf-vdp,,
OLX EU,https://bugcrowd.com/olx-eu,,
U.S. Chemical Safety and Hazard Investigation Board - Vulnerability Disclosure Program,https://bugcrowd.com/csb-vdp,,
Bureau of Indian Affairs ,https://bugcrowd.com/bia-vdp,,
The Bureau of Indian Education Vulnerability Disclosure Program,https://bugcrowd.com/bie-vdp,,
Rarible,https://bugcrowd.com/rarible-ogmbb,0, 5000
Chia Network,https://bugcrowd.com/chia-network-bb,250 , 10000
Ibotta,https://bugcrowd.com/ibotta,50 , 5000
Registrar.gov: Bug Bounty Program,https://bugcrowd.com/registrar-dotgov,100 , 3500
Verisign,https://bugcrowd.com/verisign,100 , 10000
LifterLMS,https://bugcrowd.com/lifterlms,,
Telstra VDP,https://bugcrowd.com/telstra-vdp,,
Professional Counselling Provider,https://bugcrowd.com/programs/teasers/dKZe19MnPivPJUoEgw3f5f4S,500 , 20000
Leading Financial company needs your help!,https://bugcrowd.com/programs/teasers/red-moon-8769,300 , 10000
An electronics retailer would like your help!,https://bugcrowd.com/programs/teasers/eQTUitf7a1btxJGEXtAWMtYd,50 , 2500
Blackbaud Vulnerability Disclosure Program,https://bugcrowd.com/blackbaud-vdp,,
NiceHash,https://bugcrowd.com/nicehash-og,,
StackPath,https://bugcrowd.com/stackpath,,
HostGator VDP,https://bugcrowd.com/hostgator-vdp,,
Seagate VDP,https://bugcrowd.com/seagate-vdp,,
Dfinity Vulnerability Disclosure Program,https://bugcrowd.com/dfinity-vdppro,,
CyberGhost,https://bugcrowd.com/cyberghost,75 , 1250
Private Internet Access,https://bugcrowd.com/privateinternetaccess,75 , 1250
Lucid Motors Vulnerability Disclosure Program,https://bugcrowd.com/lucidmotors-vdp,,
You Need a Budget (YNAB),https://bugcrowd.com/ynab,150 , 3000
Lightspeed Retail (X-Series),https://bugcrowd.com/x-series,20 , 6250
Help secure a global fintech company!,https://bugcrowd.com/programs/teasers/bitter-glitter-1454,100 , 7500
"Tyler Technologies Data & Insights  Tyler Data Platform, powered by Socrata",https://bugcrowd.com/tyler-tech-data-insights,150 , 3500
BigCommerce,https://bugcrowd.com/bigcommerce,50 , 2500
Rec Room Video Games,https://bugcrowd.com/recroom-og,150 , 2500
Office of Natural Resources Revenue,https://bugcrowd.com/onrr-vdp,,
Office of Wildland Fire - Vulnerability Disclosure Program,https://bugcrowd.com/owf-vdp,,
Electroneum,https://bugcrowd.com/electroneum,200 , 12000
Dropbox,https://bugcrowd.com/dropbox,100 , 10000
Sophos,https://bugcrowd.com/sophos,100 , 50000
CoolBitX,https://bugcrowd.com/coolbitx-mbb,150 , 10000
Council of the Inspectors General on Integrity and Efficiency Vulnerability Disclosure Program,https://bugcrowd.com/cigie-vdp,,
National Transportation Safety Board: Vulnerability Disclosure Program,https://bugcrowd.com/ntsb-vdp,,
Federal Trade Commission: Vulnerability Disclosure Program,https://bugcrowd.com/ftc-vdp,,
Netflix,https://bugcrowd.com/netflix,200 , 20000
Bitget,https://bugcrowd.com/bitget-og,100 , 1500
"Constant Contact, Inc.",https://bugcrowd.com/constantcontact,,
NameJet,https://bugcrowd.com/namejet,0, 2500
HostGator Brazil VDP,https://bugcrowd.com/hostgator-brazil-vdp,,
Octopus Deploy,https://bugcrowd.com/octopus-deploy,200 , 6000
Wyze Bug Bounty,https://bugcrowd.com/wyze,50 , 1000
State Farm VDP,https://bugcrowd.com/statefarm-esf,,
Identity platform for secure authentication,https://bugcrowd.com/programs/teasers/dark-breeze-4589,150 , 10000
Blue Jeans Network,https://bugcrowd.com/bluejeans,0, 2000
Atlassian-Built Apps,https://bugcrowd.com/atlassianapps,100 , 3000
Keeper Security Public Bounty Program,https://bugcrowd.com/keepersecurity,300 , 6500
NameJet VDP,https://bugcrowd.com/namejet-vdp,,
SnapNames VDP,https://bugcrowd.com/snapnames-vdp,,
Web.com,https://bugcrowd.com/webdotcom,0, 7500
Newfold Builder VDP,https://bugcrowd.com/newfold-builder-vdp,,
Bluehost ,https://bugcrowd.com/newfold-bluehost,0, 4500
Reseller Club VDP Pro,https://bugcrowd.com/newfold-resellerclub-vdp,,
HostGator Latam Bug Bounty,https://bugcrowd.com/hostgator-latam-bb,0, 2500
HostGator,https://bugcrowd.com/hostgator,0, 4500
Newfold Vdeck VDP,https://bugcrowd.com/newfold-vdeck-vdp,,
1Shoppingcart.com,https://bugcrowd.com/shoppingcart,0, 2500
Web.com VDP,https://bugcrowd.com/webdotcom-vdp,,
SnapNames,https://bugcrowd.com/snapnames,0, 2500
Newfold Vdeck Bug Bounty,https://bugcrowd.com/newfold-vdeck-bb,0, 4500
ANZ Responsible Disclosure Program,https://bugcrowd.com/anz-vdp,,
Western Union,https://bugcrowd.com/westernunion,100 , 3000
Service NSW Vulnerability Disclosure Program,https://bugcrowd.com/service-nsw-vdp,,
A Leading Financial Services and Insurance Company,https://bugcrowd.com/programs/teasers/PhZA2CKG9vHhhBVM4EwcXuaJ,200 , 3000
Stryker,https://bugcrowd.com/stryker-vdp,,
Santos Vulnerability Disclosure Program,https://bugcrowd.com/santos-vdp,,
Monash MBB,https://bugcrowd.com/monash-mbb,125 , 2500
Help Keep a Financial Company Secure!,https://bugcrowd.com/programs/teasers/wenDhQkBP4FrJAAUF5jevaPH,100 , 4500
ClickHouse,https://bugcrowd.com/clickhouse,50 , 2500
LegalZoom VDP,https://bugcrowd.com/legalzoom-vdp,,
Office of Personnel Management - Vulnerability Disclosure Program,https://bugcrowd.com/opm-vdp,,
Code.org,https://bugcrowd.com/codeorg,0, 2500
SEEK ,https://bugcrowd.com/seek,50 , 10000
Origin Energy,https://bugcrowd.com/originenergy-og1,50 , 2500
Upwork,https://bugcrowd.com/upwork,120 , 5000
"Exciting cloud-based iPad point of sale software company needs your help to secure their Web, API and mobile targets!",https://bugcrowd.com/programs/teasers/qBGsVZkQWfStg2RZq1qyFB4Z,20 , 3500
Ostrom Vulnerability Disclosure Program,https://bugcrowd.com/ostrom-vdp,,
IOOF Vulnerability Disclosure Program,https://bugcrowd.com/ioof,,
MediaLab - WorldStar Hip Hop Vulnerability Disclosure Program,https://bugcrowd.com/medialab-vdp,,
MediaLab - Kik Vulnerability Disclosure Program,https://bugcrowd.com/medialab-kik-vdp,,
"Web, API, iOS and Android Applications in Ongoing Bounty Program",https://bugcrowd.com/programs/teasers/V8rjBFxupVP2t9xqommVvgXF,50 , 25000
Quizlet,https://bugcrowd.com/quizlet,150 , 2000
Akeyless,https://bugcrowd.com/akeyless-og,100 , 7000
Pinterest,https://bugcrowd.com/pinterest,0, 25000
Gusto VDP,https://bugcrowd.com/gusto-vdp,,
ImageKit's Bug Bounty Program ,https://bugcrowd.com/imagekit,0, 3000
Contrast Security,https://bugcrowd.com/contrast-security,0, 2000
Latitude Financial Services Vulnerability Disclosure Program,https://bugcrowd.com/latitudefinancial-vdp,,
Digistorm,https://bugcrowd.com/digistorm,75 , 1250
Monash University,https://bugcrowd.com/monash-esf,,
CoinDCX Managed Bug Bounty,https://bugcrowd.com/coindcx-og,100 , 5000
Bullish exchange,https://bugcrowd.com/bullish-exchange,200 , 25000
Asana,https://bugcrowd.com/asana,300 , 6500
"Appliances - Barracuda Networks, Inc.",https://bugcrowd.com/barracuda,,
Kaleido,https://bugcrowd.com/kaleido,100 , 6000
WOO Network: Bug Bounty Program,https://bugcrowd.com/woo-network,200 , 9000
Mathematical software solutions provider,https://bugcrowd.com/programs/teasers/eQuhxoBoidGUJpQZgWisbrrk,150 , 7000
 1Password,https://bugcrowd.com/agilebits,50 , 30000
American Battle Monuments Commission,https://bugcrowd.com/abmc-vdp,,
Department of the Treasury: Vulnerability Disclosure Program,https://bugcrowd.com/treasury-vdp,,
Backblaze,https://bugcrowd.com/backblaze,200 , 5000
Lime,https://bugcrowd.com/lime,200 , 7000
Help an Secure an Educational Non-Profit,https://bugcrowd.com/programs/teasers/misty-sound-7666,200 , 4500
Pretrial Services Agency for the District of Columbia,https://bugcrowd.com/psa-vdp,,
Flourish,https://bugcrowd.com/flourish,100 , 6000
Digital Shadows VDP,https://bugcrowd.com/digitalshadows-vdpesf,,
Railroad Retirement Board - Vulnerability Disclosure Program,https://bugcrowd.com/rrb-vdp,,
Secure the Leading Sales Engagement Platform,https://bugcrowd.com/programs/teasers/black-fire-29,50 , 6000
Cloudinary,https://bugcrowd.com/cloudinary,0, 4000
Elementor: Bug Bounty Program,https://bugcrowd.com/elementor,0, 4000
Xfinity Home & xFi,https://bugcrowd.com/xfinity-home,0, 3500
Dell Technologies' Products Bug Bounty Program,https://bugcrowd.com/dell-product,200 , 5000
Dell Technologies Application Bug Bounty,https://bugcrowd.com/dell-com,50 , 2500
Kiteworks,https://bugcrowd.com/kiteworks-public,250 , 25000
Halp,https://bugcrowd.com/halp,200 , 4000
Northwestern Mutual VDP,https://bugcrowd.com/northwestern-vdp,,
Sportradar VDP Pro,https://bugcrowd.com/sportradar-vdp,,
ForgeRock BB,https://bugcrowd.com/forgerock-bb,150 , 2500
Just Eat - Managed Bug Bounty,https://bugcrowd.com/justeat-ogmbb,150 , 3000
ExpressVPN,https://bugcrowd.com/expressvpn,150 , 2500
NEOGOV Public Assets,https://bugcrowd.com/neohrms,100 , 3500
US Environmental Protection Agency Vulnerability Disclosure ,https://bugcrowd.com/epa-vdp,,
Deutsche Bank Vulnerability Disclosure Program,https://bugcrowd.com/deutschebank-vdp,,
HubSpot,https://bugcrowd.com/hubspot,50 , 5000
Under Armour Corporate,https://bugcrowd.com/underarmour-corp,,
Comcast Xfinity Bug Bounty,https://bugcrowd.com/comcast-mbb,50 , 3500
DICK'S Sporting Goods,https://bugcrowd.com/dickssportinggoods,,
iFood: Bug Bounty Program,https://bugcrowd.com/ifood-og,150 , 2500
Craft Coders Marketplace Bug Bounty,https://bugcrowd.com/craftcoders,100 , 1500
Caffeine,https://bugcrowd.com/caffeine,150 , 5000
Geotab: VDP,https://bugcrowd.com/geotab-vdp,,
Skroutz Public Managed Bug Bounty,https://bugcrowd.com/skroutz,200 , 4500
Imperva Bug Bounty,https://bugcrowd.com/imperva-mbb,150 , 2500
NAB's Responsible Disclosure Program,https://bugcrowd.com/nationalaustraliabankog,,
Hummingbird VDP,https://bugcrowd.com/hummingbird-vdp-ess,,
Help Secure The Leader in Online Fundraising,https://bugcrowd.com/programs/teasers/spring-snow-7841,150 , 5000
Braze Public BB,https://bugcrowd.com/braze-bb,150 , 2500
Sisu Data,https://bugcrowd.com/sisu,200 , 4500
Transactional email service made for developers,https://bugcrowd.com/programs/teasers/9ivBQDeA2CPxgjupJES2JyLa,100 , 3200
Love Music? Help Keep Our Marketplace Secure!,https://bugcrowd.com/programs/teasers/muddy-moon-3392,100 , 10000
Department of Labor,https://bugcrowd.com/dol-vdp,,
Technology Company Looking to Work with You!,https://bugcrowd.com/programs/teasers/winter-mountain-3095,200 , 4500
Department of Interior: Vulnerability Disclosure Program,https://bugcrowd.com/doi-vdp,,
Help a News Company Stay Secure!,https://bugcrowd.com/programs/teasers/snowy-darkness-1,100 , 2500
TripAdvisor ,https://bugcrowd.com/tripadvisor-bb-og,100 , 5000
SpaceX/Starlink,https://bugcrowd.com/spacex,0, 25000
iRobot,https://bugcrowd.com/irobot,200 , 7000
Bureau of Reclamation,https://bugcrowd.com/usbr-vdp,,
Bureau of Land Management,https://bugcrowd.com/blm-vdp,,
U.S. Fish and Wildlife Service ,https://bugcrowd.com/fws-vdp,,
Sky Disclosure Program,https://bugcrowd.com/sky-vdp,,
BlueHost VDP,https://bugcrowd.com/newfold-bluehostindia-vdp,,
Arrow Electronics VDP,https://bugcrowd.com/arrow-electronics-vdp,,
Help Create a Secure & Better Way to Live ,https://bugcrowd.com/programs/teasers/2PW2ao9Pxm8LBBfiQyooT29J,200 , 4500
Department of Veterans Affairs,https://bugcrowd.com/va-vdp,,
Tamedia,https://bugcrowd.com/tamedia,150 , 2500
Office of Navajo and Hopi Indian Relocation (ONHIR) - Vulnerability Disclosure Program ,https://bugcrowd.com/onhir-vdp,,
ForgeRock Identity Platform,https://bugcrowd.com/forgerock-i-platform,150 , 2500
EXIM - Vulnerability Disclosure Program,https://bugcrowd.com/exim-vdp,,
Rakuten VDP,https://bugcrowd.com/rakuten-vdp,,
eazyBI,https://bugcrowd.com/eazybi,100 , 1500
The Coca-Cola Company Vulnerability Disclosure Program,https://bugcrowd.com/coca-cola,,
Leading digital transaction provider. New mobile targets introduced recently!,https://bugcrowd.com/programs/teasers/Jpzfw2e8eSJaYSjdN9TGiK8d,100 , 5000
A fantasy sports platform with over 100 million users,https://bugcrowd.com/programs/teasers/APnRLRQMhtdKEokr6Sd3TWEi,500 , 8000
Cengage VDP,https://bugcrowd.com/cengage-vdp,,
Okta,https://bugcrowd.com/okta,100 , 25000
United Airlines,https://bugcrowd.com/united-vdp,,
FIS,https://bugcrowd.com/fis,0, 100000
Victoria's Secret - VDP Pro,https://bugcrowd.com/victoriassecret-vdp,,
Federal Communications Commission: Vulnerability Disclosure Program,https://bugcrowd.com/fcc-vdp,,
Department of Homeland Security: Vulnerability Disclosure Program,https://bugcrowd.com/dhs-vdp,,
National Labor Relations Board: Vulnerability Disclosure Program,https://bugcrowd.com/nlrb-vdp,,
Federal Retirement Thrift Investment Board : Vulnerability Disclosure Program,https://bugcrowd.com/frtib-vdp,,
Millennium Challenge Corporation: Vulnerability Disclosure Program,https://bugcrowd.com/mcc-vdp,,
United States Department of Agriculture: Vulnerability Disclosure Program,https://bugcrowd.com/usda-vdp,,
Privacy and Civil Liberties Oversight Board: Vulnerability Disclosure Program,https://bugcrowd.com/pclob-vdp,,
Equal Employment Opportunity Commission: Vulnerability Disclosure Program,https://bugcrowd.com/eeoc-vdp,,
Occupational Safety and Health Review Commission: Vulnerability Disclosure Program,https://bugcrowd.com/oshrc-vdp,,
Court Services and Offender Supervision Agency: Vulnerability Disclosure Program,https://bugcrowd.com/csosa-vdp,,
Bullish.com,https://bugcrowd.com/bullish,200 , 12000
AMEX - Global Business Travel Vulnerability Disclosure Program,https://bugcrowd.com/amexgbt-vdp,,
Twilio,https://bugcrowd.com/twilio,100 , 9500
A multinational consumer goods is looking for top talent to secure their huge attack surface!,https://bugcrowd.com/programs/teasers/aCinC48ZuX41qsYYrDuQ5PK4,0, 2500
Unity Technology,https://bugcrowd.com/unity,100 , 3000
Smartmockups,https://bugcrowd.com/smartmockups,100 , 6000
Pixabay,https://bugcrowd.com/pixabay,100 , 6000
Pexels,https://bugcrowd.com/pexels,100 , 6000
Lbrands Bath & Body Works - VDP Pro,https://bugcrowd.com/lbrands-bbw-vdp,,
Phrase Vulnerability Disclosure Program,https://bugcrowd.com/phrase-vdp,,
K15t,https://bugcrowd.com/k15t,100 , 1500
Stiltsoft,https://bugcrowd.com/stiltsoft,100 , 3000
Credit Karma,https://bugcrowd.com/creditkarma,100 , 5000
lululemon,https://bugcrowd.com/lululemon,50 , 3000
Whatfix,https://bugcrowd.com/whatfix,100 , 4000
Help an AdTech Company Stay Safe!,https://bugcrowd.com/programs/teasers/LpGD4WXdR2UTu2mJ9pdhUMvA,200 , 4500
Aruba Networks Infrastructure Public Program,https://bugcrowd.com/aruba-public,250 , 2000
Regions Bank Vulnerability Disclosure Program ,https://bugcrowd.com/regions-vdp,,
"Acorns Grow, Inc.",https://bugcrowd.com/acorns,200 , 3500
Intercom,https://bugcrowd.com/intercom,150 , 5000
Sprout Social,https://bugcrowd.com/sproutsocial,,
Cash App,https://bugcrowd.com/cashapp,150 , 8000
Web + API Applications in this OnGoing Bug Bounty Program,https://bugcrowd.com/programs/teasers/ovv41tyYARpWDHrCsFHLse6D,150 , 2500
Jora,https://bugcrowd.com/jora,50 , 2500
Opera Public Bug Bounty,https://bugcrowd.com/opera,50 , 10000
20 Minuten,https://bugcrowd.com/twentyminuten,250 , 5000
 Comcast Xfinity Vulnerability Disclosure Program,https://bugcrowd.com/comcastvdp,0, 1250
23andMe,https://bugcrowd.com/twentythree-and-me,25 , 5000
SmartThings Vulnerability Disclosure,https://bugcrowd.com/smartthings,,
OLX Autos,https://bugcrowd.com/olxgroup,,
Mobility Company Looking for Your Skills!,https://bugcrowd.com/programs/teasers/pY68GCL2kFMfrz1meTHJAXh4,100 , 3000
codefortynine,https://bugcrowd.com/codefortynine,100 , 1500
Canva,https://bugcrowd.com/canva,100 , 10000
Centrify,https://bugcrowd.com/centrify,200 , 4500
Docusign: Vulnerability Disclosure Program,https://bugcrowd.com/docusign-vdp,,
Arlo Cash Rewards,https://bugcrowd.com/arlo,100 , 6000
Kenna Security,https://bugcrowd.com/kennasecurity,50 , 4500
eero,https://bugcrowd.com/eero,,
PlanetHoster,https://bugcrowd.com/planethosterinc,200 , 3000
Directly,https://bugcrowd.com/directly,250 , 3000
"Simplifying complex work wherever, and you can help secure it! (2x bonus rewards)",https://bugcrowd.com/programs/teasers/Vjpfr6mxTdGw6VBYRvimMtQJ,150 , 2500
Test a unicorn in the airline ticketing and hotel booking industry!,https://bugcrowd.com/programs/teasers/vzeiF8HxunufJrbpNbdrma4g,100 , 2500
Optimizely,https://bugcrowd.com/optimizely,0, 2500
Binance,https://bugcrowd.com/binance,200 , 10000
Octopus,https://bugcrowd.com/octopus-og,200 , 6000
Skyscanner,https://bugcrowd.com/skyscanner,100 , 8000
Stellantis ,https://bugcrowd.com/stellantis,150 , 7500
Empower Personal Wealth,https://bugcrowd.com/personalcapital,150 , 4000
WestJet's Vulnerability Disclosure Program,https://bugcrowd.com/westjet-disclose,,
"Automate, customize and extend!",https://bugcrowd.com/programs/teasers/CuK9RZhPuFhKCvewXbxWFy3M,100 , 1500
Bitdefender,https://bugcrowd.com/bitdefender,100 , 15000
Mastercard SRC,https://bugcrowd.com/mastercard-src,100 , 3000
Tesla,https://bugcrowd.com/tesla,100 , 15000
Viator,https://bugcrowd.com/viator,200 , 4500
Cloudways,https://bugcrowd.com/cloudways,50 , 4000
Global Financial Institution,https://bugcrowd.com/programs/teasers/little-smoke-2110,,
Large US Insurance Provider,https://bugcrowd.com/programs/teasers/auGYMAudW3xRzkUm5mhBA9nh,150 , 6000
Unilever Vulnerability Disclosure Program,https://bugcrowd.com/unilever-vdp,,
Be the Authority!,https://bugcrowd.com/programs/teasers/ihjPujsLBGznTPRDeRvLvYBL,100 , 1500
3 Easy payments,https://bugcrowd.com/programs/teasers/PYG4BcYhkMm668So9ZdYxvFh,200 , 4500
Wise (ex-TransferWise),https://bugcrowd.com/wise,100 , 4000
An international IT and telecommunications company would like your help to secure their API and Web targets! Can you help them? ,https://bugcrowd.com/programs/teasers/D6ktyjtr1GH2DVT3dsLw37oL,150 , 5000
Takeaway.com,https://bugcrowd.com/takeaway,100 , 2500
Application to find help around the house.,https://bugcrowd.com/programs/teasers/KQaKCY3q8wCF7GQyNjybbbYx,150 , 2100
A leading eCommerce marketing platform is looking for researchers to help would like your help find bugs in their API and Web targets! Can you help them? ,https://bugcrowd.com/programs/teasers/F3YkdxVUSd5JL4SQBEYn1D14,0, 900
"A Cryptocurrency payment system needs your help to secure multiple web applications, APIs and mobile applications!",https://bugcrowd.com/programs/teasers/Rp7kgWq5z8pit9UstPQbSmg9,200 , 12000
BitDiscovery,https://bugcrowd.com/bitdiscovery,,
Click here to submit a support ticket!,https://bugcrowd.com/programs/teasers/dzLdTDyKibS7sbLurifaVrGk,,
SDKs and APIs Oh My!,https://bugcrowd.com/programs/teasers/1Z21mCvj7Fkohij4GEv4L2mv,200 , 4500
MasterCard VDP,https://bugcrowd.com/mastercard-vdp,,
Mettle,https://bugcrowd.com/mettle,0, 5000
Naspers,https://bugcrowd.com/naspers,,
Atlassian,https://bugcrowd.com/atlassian,200 , 10000
HealthifyMe's Vulnerability Disclosure Program,https://bugcrowd.com/healthifyme,,
Leading Cybersecurity Solutions Provider,https://bugcrowd.com/programs/teasers/g55EBqXg4edagMyYHdWBRz3S,100 , 3500
SoundCloud,https://bugcrowd.com/soundcloud,200 , 4500
Mastercard (VDP Extension),https://bugcrowd.com/mastercard-vdp-ext,,
Financial Services Provider,https://bugcrowd.com/programs/teasers/2QPzmcExC5eNu2VF1K3BpWEw,100 , 3500
"No hardware, no problem! Route your submissions here!",https://bugcrowd.com/programs/teasers/85QHLUn4xVHNMXnm5RnTXi5i,150 , 2500
Help Secure an Anti-Crime FinTech Application,https://bugcrowd.com/programs/teasers/8KNfwfm3QXy4HeKXYvL6fRRq,125 , 2000
Opsgenie,https://bugcrowd.com/opsgenie,200 , 4000
Telefónica Germany,https://bugcrowd.com/telefonicavdp,,
A multinational telecommunications is looking for top talent to secure their huge attack surface!,https://bugcrowd.com/programs/teasers/xgNf1nzd9GUNzAkA37uPpsoe,0, 2000
Help secure the connection between teachers and students and build better classrooms,https://bugcrowd.com/programs/teasers/nJvfrwkiaktFrMkKdSEexXtz,0, 2100
End to End Payment Solution,https://bugcrowd.com/programs/teasers/NN5Yd45gNJZdnVaEDPuqkmKH,100 , 3500
Help make the cloud landscape more secure ,https://bugcrowd.com/programs/teasers/ZgTj3xvrZb2Mj7T796MJqMmz,200 , 6500
The leader in transport fuels.,https://bugcrowd.com/programs/teasers/pinkJ5MeAb2fpEH1QkQA9uuS,150 , 2500
Trello,https://bugcrowd.com/trello,300 , 10000
Overstock's Vulnerability Disclosure Page!,https://bugcrowd.com/overstockvdp,,
Arlo Kudos Rewards,https://bugcrowd.com/arlokudos,,
Under Armour AppSec,https://bugcrowd.com/underarmour,125 , 2500
Moneytree KK,https://bugcrowd.com/moneytreekkog,300 , 5000
Lenovo Responsible Disclosure,https://bugcrowd.com/lenovoresponsibledisclosure,,
Square Open Source,https://bugcrowd.com/squareopensource,100 , 10000
